lead_id,created_date,segment,region,source,industry,became_opportunity,opportunity_date,closed_won,close_date,deal_value_eur,sales_rep
L1000,2024-10-16,Mid-Market,APAC,Partner,Manufacturing,True,2024-11-13,True,2025-02-08,28000.0,Rep_3
L1001,2023-04-15,Mid-Market,EMEA,Event,Manufacturing,False,,False,,,Rep_9
L1002,2023-03-31,Enterprise,AMER,Event,Healthcare,False,,False,,,Rep_1
L1003,2023-01-31,SMB,AMER,Event,Healthcare,True,2023-02-12,False,2023-03-20,,Rep_9
L1004,2023-07-23,Enterprise,AMER,Outbound,Education,False,,False,,,Rep_12
L1005,2024-07-12,Mid-Market,EMEA,Partner,Manufacturing,False,,False,,,Rep_8
L1006,2024-08-26,Mid-Market,APAC,Outbound,Manufacturing,False,,False,,,Rep_1
L1007,2023-06-13,Mid-Market,EMEA,Partner,Education,False,,False,,,Rep_6
L1008,2023-10-12,SMB,EMEA,Inbound,Professional Services,False,,False,,,Rep_6
L1009,2023-04-15,SMB,AMER,Outbound,Professional Services,True,2023-04-23,False,2023-08-19,,Rep_10
L1010,2023-09-28,Mid-Market,EMEA,Outbound,Healthcare,False,,False,,,Rep_12
L1011,2024-04-15,Mid-Market,APAC,Event,Education,False,,False,,,Rep_7
L1012,2023-03-22,SMB,APAC,Outbound,Public Sector,False,,False,,,Rep_11
L1013,2024-09-25,Mid-Market,AMER,Outbound,Professional Services,False,,False,,,Rep_6
L1014,2024-08-14,SMB,EMEA,Partner,Professional Services,False,,False,,,Rep_2
L1015,2023-02-16,SMB,AMER,Outbound,Healthcare,False,,False,,,Rep_5
L1016,2023-03-23,SMB,APAC,Event,Healthcare,False,,False,,,Rep_2
L1017,2024-01-25,Enterprise,EMEA,Event,Education,True,2024-02-19,False,2024-04-30,,Rep_6
L1018,2023-12-30,Mid-Market,EMEA,Event,Professional Services,True,2024-01-12,False,2024-02-29,,Rep_10
L1019,2024-10-12,SMB,EMEA,Inbound,Education,False,,False,,,Rep_12
L1020,2023-09-08,SMB,EMEA,Inbound,Public Sector,False,,False,,,Rep_7
L1021,2023-10-04,SMB,APAC,Partner,Manufacturing,False,,False,,,Rep_11
L1022,2024-12-05,SMB,APAC,Partner,Public Sector,False,,False,,,Rep_11
L1023,2023-11-29,SMB,AMER,Partner,Professional Services,False,,False,,,Rep_1
L1024,2023-08-23,Enterprise,APAC,Inbound,Healthcare,False,,False,,,Rep_6
L1025,2024-02-15,Mid-Market,APAC,Partner,Education,True,2024-02-26,False,2024-08-19,,Rep_12
L1026,2023-11-19,SMB,AMER,Partner,Manufacturing,False,,False,,,Rep_8
L1027,2024-02-10,Mid-Market,EMEA,Partner,Manufacturing,False,,False,,,Rep_11
L1028,2024-04-14,SMB,AMER,Partner,Manufacturing,False,,False,,,Rep_3
L1029,2023-09-10,Mid-Market,APAC,Outbound,Professional Services,False,,False,,,Rep_9
L1030,2023-09-27,Mid-Market,APAC,Partner,Public Sector,False,,False,,,Rep_7
L1031,2024-08-20,Mid-Market,AMER,Inbound,Education,False,,False,,,Rep_4
L1032,2023-05-22,Mid-Market,EMEA,Event,Education,False,,False,,,Rep_2
L1033,2023-02-18,Enterprise,APAC,Partner,Healthcare,False,,False,,,Rep_3
L1034,2024-10-04,SMB,EMEA,Outbound,Public Sector,False,,False,,,Rep_11
L1035,2024-03-08,Enterprise,AMER,Outbound,Manufacturing,False,,False,,,Rep_7
L1036,2024-01-26,Mid-Market,APAC,Event,Public Sector,False,,False,,,Rep_8
L1037,2024-06-25,Mid-Market,EMEA,Inbound,Public Sector,True,2024-07-17,False,2024-08-18,,Rep_11
L1038,2023-04-28,SMB,EMEA,Event,Education,False,,False,,,Rep_9
L1039,2023-10-01,SMB,APAC,Outbound,Manufacturing,False,,False,,,Rep_6
L1040,2023-04-25,Mid-Market,EMEA,Inbound,Manufacturing,False,,False,,,Rep_3
L1041,2024-04-09,Mid-Market,APAC,Partner,Public Sector,True,2024-05-07,False,2024-08-12,,Rep_9
L1042,2023-07-02,Mid-Market,AMER,Inbound,Professional Services,False,,False,,,Rep_2
L1043,2024-10-02,SMB,AMER,Partner,Professional Services,False,,False,,,Rep_11
L1044,2024-06-03,SMB,EMEA,Inbound,Public Sector,False,,False,,,Rep_3
L1045,2024-01-18,Mid-Market,AMER,Outbound,Healthcare,False,,False,,,Rep_9
L1046,2024-06-27,Enterprise,EMEA,Event,Public Sector,False,,False,,,Rep_10
L1047,2023-11-28,SMB,AMER,Outbound,Education,False,,False,,,Rep_2
L1048,2024-01-07,Mid-Market,AMER,Event,Healthcare,False,,False,,,Rep_5
L1049,2023-09-03,Enterprise,APAC,Inbound,Education,True,2023-09-26,False,2023-11-16,,Rep_12
L1050,2024-05-12,SMB,AMER,Outbound,Manufacturing,False,,False,,,Rep_9
L1051,2023-05-09,SMB,EMEA,Inbound,Healthcare,True,2023-05-29,False,2023-08-09,,Rep_5
L1052,2024-06-24,Mid-Market,EMEA,Partner,Healthcare,False,,False,,,Rep_7
L1053,2023-08-05,Mid-Market,APAC,Outbound,Manufacturing,False,,False,,,Rep_12
L1054,2024-12-07,SMB,APAC,Event,Public Sector,False,,False,,,Rep_5
L1055,2024-02-13,SMB,APAC,Outbound,Public Sector,False,,False,,,Rep_11
L1056,2024-01-18,SMB,EMEA,Inbound,Professional Services,False,,False,,,Rep_9
L1057,2024-04-07,SMB,AMER,Outbound,Manufacturing,True,2024-04-19,True,2024-05-24,13000.0,Rep_10
L1058,2024-07-21,Mid-Market,EMEA,Event,Healthcare,True,2024-08-02,True,2024-09-16,19000.0,Rep_4
L1059,2023-03-11,SMB,APAC,Partner,Public Sector,False,,False,,,Rep_6
L1060,2023-03-14,Mid-Market,APAC,Event,Manufacturing,False,,False,,,Rep_5
L1061,2024-11-16,SMB,AMER,Event,Public Sector,False,,False,,,Rep_9
L1062,2023-05-16,SMB,APAC,Inbound,Healthcare,False,,False,,,Rep_10
L1063,2024-08-13,SMB,AMER,Partner,Public Sector,False,,False,,,Rep_8
L1064,2024-02-21,SMB,EMEA,Outbound,Professional Services,False,,False,,,Rep_2
L1065,2024-11-05,Mid-Market,APAC,Event,Education,False,,False,,,Rep_7
L1066,2024-02-25,Mid-Market,EMEA,Event,Public Sector,False,,False,,,Rep_12
L1067,2023-02-25,Mid-Market,APAC,Partner,Public Sector,False,,False,,,Rep_11
L1068,2023-04-11,Mid-Market,APAC,Partner,Education,True,2023-05-09,True,2023-07-05,47000.0,Rep_4
L1069,2023-07-16,Mid-Market,EMEA,Outbound,Public Sector,True,2023-08-04,True,2023-10-19,43000.0,Rep_5
L1070,2024-04-18,SMB,EMEA,Inbound,Healthcare,False,,False,,,Rep_2
L1071,2024-03-29,SMB,APAC,Event,Manufacturing,False,,False,,,Rep_9
L1072,2023-04-11,SMB,EMEA,Event,Healthcare,True,2023-05-03,False,2023-06-25,,Rep_4
L1073,2023-06-20,Mid-Market,AMER,Inbound,Manufacturing,False,,False,,,Rep_8
L1074,2023-08-07,SMB,EMEA,Event,Education,False,,False,,,Rep_1
L1075,2023-06-18,Mid-Market,EMEA,Partner,Manufacturing,False,,False,,,Rep_7
L1076,2023-09-29,SMB,APAC,Inbound,Education,False,,False,,,Rep_8
L1077,2023-10-20,Enterprise,EMEA,Event,Manufacturing,False,,False,,,Rep_12
L1078,2024-07-23,Enterprise,EMEA,Outbound,Professional Services,False,,False,,,Rep_8
L1079,2023-06-08,SMB,AMER,Event,Professional Services,False,,False,,,Rep_4
L1080,2023-03-01,SMB,AMER,Partner,Professional Services,False,,False,,,Rep_9
L1081,2023-03-04,Mid-Market,AMER,Outbound,Professional Services,False,,False,,,Rep_1
L1082,2023-02-21,SMB,EMEA,Inbound,Manufacturing,False,,False,,,Rep_9
L1083,2024-06-27,SMB,APAC,Inbound,Professional Services,False,,False,,,Rep_9
L1084,2023-03-24,SMB,APAC,Outbound,Public Sector,False,,False,,,Rep_2
L1085,2024-09-01,SMB,AMER,Partner,Public Sector,True,2024-09-13,False,2025-03-07,,Rep_4
L1086,2024-08-15,SMB,EMEA,Event,Healthcare,False,,False,,,Rep_10
L1087,2023-03-25,SMB,APAC,Event,Professional Services,False,,False,,,Rep_10
L1088,2024-08-01,Enterprise,APAC,Partner,Manufacturing,False,,False,,,Rep_5
L1089,2023-07-29,Mid-Market,APAC,Outbound,Education,False,,False,,,Rep_6
L1090,2023-09-02,SMB,AMER,Outbound,Public Sector,False,,False,,,Rep_3
L1091,2024-11-18,Enterprise,AMER,Partner,Manufacturing,False,,False,,,Rep_8
L1092,2023-11-20,Enterprise,EMEA,Event,Education,False,,False,,,Rep_2
L1093,2023-01-10,Mid-Market,EMEA,Partner,Healthcare,False,,False,,,Rep_10
L1094,2023-04-13,SMB,AMER,Partner,Manufacturing,True,2023-04-24,False,2023-06-26,,Rep_6
L1095,2023-03-12,SMB,EMEA,Outbound,Healthcare,False,,False,,,Rep_6
L1096,2023-10-19,SMB,APAC,Inbound,Manufacturing,False,,False,,,Rep_9
L1097,2024-12-21,Mid-Market,APAC,Outbound,Education,False,,False,,,Rep_11
L1098,2024-06-25,Enterprise,AMER,Partner,Public Sector,True,2024-07-17,True,2024-09-11,155000.0,Rep_3
L1099,2023-09-28,SMB,EMEA,Outbound,Professional Services,True,2023-10-06,False,2023-12-14,,Rep_5
L1100,2023-10-16,Enterprise,AMER,Event,Public Sector,False,,False,,,Rep_12
L1101,2023-12-18,SMB,EMEA,Inbound,Education,False,,False,,,Rep_11
L1102,2023-09-28,SMB,APAC,Inbound,Education,False,,False,,,Rep_5
L1103,2023-02-22,Mid-Market,AMER,Event,Manufacturing,True,2023-03-12,False,2023-04-22,,Rep_1
L1104,2023-12-08,SMB,EMEA,Inbound,Healthcare,False,,False,,,Rep_11
L1105,2023-09-26,Enterprise,EMEA,Outbound,Healthcare,True,2023-10-15,False,2024-03-02,,Rep_9
L1106,2023-01-10,Enterprise,AMER,Outbound,Education,True,2023-02-06,False,2023-07-25,,Rep_1
L1107,2024-01-14,Mid-Market,EMEA,Outbound,Education,False,,False,,,Rep_3
L1108,2024-03-16,Mid-Market,AMER,Event,Professional Services,True,2024-03-30,True,2024-05-09,68000.0,Rep_6
L1109,2023-08-04,SMB,AMER,Event,Public Sector,False,,False,,,Rep_11
L1110,2023-04-16,Mid-Market,EMEA,Event,Professional Services,False,,False,,,Rep_9
L1111,2024-02-21,Enterprise,APAC,Event,Healthcare,False,,False,,,Rep_12
L1112,2023-06-08,Mid-Market,EMEA,Inbound,Education,False,,False,,,Rep_4
L1113,2023-06-16,Mid-Market,EMEA,Event,Manufacturing,False,,False,,,Rep_3
L1114,2024-02-27,SMB,AMER,Partner,Healthcare,True,2024-03-26,False,2024-08-08,,Rep_11
L1115,2023-09-12,Mid-Market,APAC,Outbound,Professional Services,True,2023-10-12,False,2024-02-16,,Rep_1
L1116,2024-04-26,Enterprise,AMER,Partner,Public Sector,True,2024-05-15,True,2024-08-11,173000.0,Rep_4
L1117,2023-01-25,SMB,EMEA,Outbound,Professional Services,False,,False,,,Rep_7
L1118,2023-12-03,Enterprise,AMER,Partner,Public Sector,True,2023-12-10,False,2024-03-20,,Rep_6
L1119,2024-10-18,Mid-Market,AMER,Inbound,Professional Services,False,,False,,,Rep_11
L1120,2024-07-03,SMB,EMEA,Event,Healthcare,False,,False,,,Rep_1
L1121,2023-04-29,Mid-Market,EMEA,Inbound,Healthcare,False,,False,,,Rep_5
L1122,2023-07-02,Enterprise,EMEA,Event,Manufacturing,False,,False,,,Rep_5
L1123,2023-02-09,SMB,AMER,Inbound,Education,True,2023-02-27,False,2023-06-17,,Rep_7
L1124,2024-09-12,Mid-Market,APAC,Inbound,Public Sector,False,,False,,,Rep_2
L1125,2024-01-30,Mid-Market,AMER,Inbound,Public Sector,False,,False,,,Rep_4
L1126,2023-09-18,Mid-Market,APAC,Partner,Public Sector,True,2023-10-06,True,2024-03-21,37000.0,Rep_11
L1127,2024-11-17,Enterprise,EMEA,Inbound,Manufacturing,True,2024-12-05,True,2025-03-29,158000.0,Rep_10
L1128,2023-11-18,Enterprise,APAC,Event,Healthcare,False,,False,,,Rep_2
L1129,2023-11-04,SMB,APAC,Event,Education,False,,False,,,Rep_11
L1130,2024-02-23,Enterprise,EMEA,Event,Education,True,2024-03-21,True,2024-05-22,165000.0,Rep_4
L1131,2024-03-06,SMB,EMEA,Partner,Education,False,,False,,,Rep_7
L1132,2024-11-24,SMB,AMER,Partner,Professional Services,False,,False,,,Rep_3
L1133,2024-09-22,Mid-Market,APAC,Inbound,Manufacturing,False,,False,,,Rep_7
L1134,2024-07-15,SMB,APAC,Event,Public Sector,False,,False,,,Rep_5
L1135,2023-10-21,SMB,EMEA,Inbound,Education,False,,False,,,Rep_10
L1136,2024-09-13,Mid-Market,EMEA,Outbound,Manufacturing,False,,False,,,Rep_8
L1137,2024-03-28,SMB,EMEA,Inbound,Education,False,,False,,,Rep_4
L1138,2024-06-07,Mid-Market,EMEA,Inbound,Healthcare,False,,False,,,Rep_12
L1139,2023-06-23,Mid-Market,APAC,Inbound,Education,False,,False,,,Rep_5
L1140,2024-06-11,SMB,AMER,Event,Manufacturing,False,,False,,,Rep_10
L1141,2023-12-10,SMB,AMER,Partner,Manufacturing,True,2024-01-08,True,2024-04-26,21000.0,Rep_4
L1142,2023-07-23,Mid-Market,EMEA,Inbound,Professional Services,True,2023-07-29,True,2023-12-27,34000.0,Rep_10
L1143,2023-03-16,Mid-Market,AMER,Event,Healthcare,False,,False,,,Rep_11
L1144,2024-08-12,SMB,APAC,Inbound,Public Sector,False,,False,,,Rep_12
L1145,2024-01-29,SMB,AMER,Inbound,Healthcare,False,,False,,,Rep_4
L1146,2023-06-01,Mid-Market,EMEA,Outbound,Education,False,,False,,,Rep_1
L1147,2023-04-20,SMB,EMEA,Event,Education,False,,False,,,Rep_4
L1148,2023-06-30,Enterprise,EMEA,Event,Education,False,,False,,,Rep_12
L1149,2024-06-14,SMB,EMEA,Event,Manufacturing,False,,False,,,Rep_9
L1150,2023-09-13,SMB,EMEA,Outbound,Public Sector,False,,False,,,Rep_2
L1151,2024-04-12,Mid-Market,APAC,Partner,Public Sector,True,2024-05-01,False,2024-10-21,,Rep_10
L1152,2023-11-21,SMB,AMER,Partner,Public Sector,False,,False,,,Rep_8
L1153,2024-09-19,SMB,AMER,Event,Healthcare,False,,False,,,Rep_9
L1154,2024-03-12,Enterprise,EMEA,Event,Professional Services,False,,False,,,Rep_9
L1155,2024-04-01,Enterprise,AMER,Event,Professional Services,False,,False,,,Rep_12
L1156,2024-05-01,Mid-Market,EMEA,Inbound,Healthcare,False,,False,,,Rep_4
L1157,2024-10-14,SMB,AMER,Partner,Public Sector,False,,False,,,Rep_9
L1158,2024-05-11,Mid-Market,EMEA,Event,Education,False,,False,,,Rep_5
L1159,2024-03-26,SMB,EMEA,Inbound,Manufacturing,True,2024-04-09,True,2024-08-02,5000.0,Rep_6
L1160,2024-07-07,SMB,AMER,Outbound,Manufacturing,True,2024-07-16,True,2024-09-23,7000.0,Rep_12
L1161,2023-08-08,Enterprise,APAC,Event,Public Sector,True,2023-08-26,True,2024-01-22,193000.0,Rep_7
L1162,2023-03-05,SMB,AMER,Event,Public Sector,False,,False,,,Rep_7
L1163,2024-02-03,Mid-Market,AMER,Partner,Public Sector,False,,False,,,Rep_10
L1164,2024-12-13,SMB,APAC,Inbound,Education,True,2025-01-11,False,2025-06-12,,Rep_1
L1165,2023-12-27,Enterprise,EMEA,Partner,Public Sector,True,2024-01-13,False,2024-05-29,,Rep_9
L1166,2024-07-13,Enterprise,APAC,Outbound,Healthcare,False,,False,,,Rep_4
L1167,2024-05-14,SMB,APAC,Inbound,Manufacturing,False,,False,,,Rep_7
L1168,2024-05-12,SMB,EMEA,Inbound,Education,True,2024-05-27,False,2024-10-07,,Rep_12
L1169,2023-06-19,SMB,APAC,Inbound,Education,False,,False,,,Rep_3
L1170,2024-09-29,Mid-Market,AMER,Inbound,Manufacturing,False,,False,,,Rep_7
L1171,2024-08-29,Mid-Market,AMER,Inbound,Public Sector,False,,False,,,Rep_1
L1172,2023-03-27,SMB,AMER,Event,Professional Services,False,,False,,,Rep_3
L1173,2024-04-17,Mid-Market,AMER,Event,Public Sector,True,2024-04-30,True,2024-07-23,64000.0,Rep_8
L1174,2023-12-01,SMB,EMEA,Outbound,Manufacturing,False,,False,,,Rep_7
L1175,2023-10-12,Mid-Market,APAC,Partner,Education,False,,False,,,Rep_7
L1176,2023-09-16,SMB,AMER,Partner,Manufacturing,False,,False,,,Rep_8
L1177,2023-01-20,SMB,AMER,Outbound,Professional Services,False,,False,,,Rep_1
L1178,2023-12-25,SMB,AMER,Partner,Manufacturing,False,,False,,,Rep_2
L1179,2024-10-29,Enterprise,AMER,Event,Public Sector,True,2024-11-03,False,2025-01-23,,Rep_1
L1180,2024-09-28,Mid-Market,APAC,Event,Professional Services,True,2024-10-07,False,2024-12-05,,Rep_10
L1181,2023-08-12,SMB,EMEA,Inbound,Healthcare,False,,False,,,Rep_5
L1182,2024-01-13,Mid-Market,EMEA,Outbound,Public Sector,True,2024-02-06,False,2024-04-05,,Rep_3
L1183,2023-11-15,Mid-Market,EMEA,Outbound,Education,True,2023-11-20,False,2024-05-15,,Rep_11
L1184,2024-01-20,Mid-Market,AMER,Partner,Manufacturing,False,,False,,,Rep_12
L1185,2023-07-23,Mid-Market,APAC,Partner,Public Sector,True,2023-08-19,False,2023-11-19,,Rep_2
L1186,2024-12-14,Mid-Market,APAC,Partner,Healthcare,False,,False,,,Rep_11
L1187,2024-09-06,Enterprise,EMEA,Partner,Manufacturing,False,,False,,,Rep_10
L1188,2023-02-12,Mid-Market,AMER,Inbound,Professional Services,False,,False,,,Rep_7
L1189,2024-11-08,Mid-Market,EMEA,Inbound,Professional Services,False,,False,,,Rep_9
L1190,2024-10-25,Mid-Market,EMEA,Outbound,Education,False,,False,,,Rep_7
L1191,2024-05-16,Mid-Market,EMEA,Inbound,Healthcare,True,2024-06-01,False,2024-10-26,,Rep_12
L1192,2023-06-06,Mid-Market,AMER,Inbound,Professional Services,False,,False,,,Rep_12
L1193,2024-06-18,SMB,EMEA,Outbound,Public Sector,False,,False,,,Rep_5
L1194,2024-09-22,Mid-Market,AMER,Partner,Manufacturing,False,,False,,,Rep_9
L1195,2024-05-10,SMB,EMEA,Inbound,Professional Services,False,,False,,,Rep_12
L1196,2024-08-29,SMB,EMEA,Partner,Education,False,,False,,,Rep_4
L1197,2023-03-30,SMB,APAC,Partner,Professional Services,False,,False,,,Rep_8
L1198,2023-09-07,SMB,AMER,Event,Professional Services,False,,False,,,Rep_10
L1199,2024-09-16,SMB,AMER,Partner,Manufacturing,False,,False,,,Rep_6
L1200,2023-01-30,SMB,APAC,Partner,Manufacturing,False,,False,,,Rep_6
L1201,2023-07-06,Mid-Market,EMEA,Outbound,Professional Services,False,,False,,,Rep_6
L1202,2023-09-22,Mid-Market,APAC,Partner,Public Sector,False,,False,,,Rep_10
L1203,2024-12-19,SMB,AMER,Partner,Public Sector,False,,False,,,Rep_9
L1204,2023-01-11,SMB,AMER,Outbound,Healthcare,False,,False,,,Rep_4
L1205,2023-03-29,Mid-Market,EMEA,Event,Public Sector,True,2023-04-16,False,2023-07-16,,Rep_12
L1206,2024-05-02,SMB,APAC,Inbound,Education,False,,False,,,Rep_8
L1207,2024-04-03,Mid-Market,APAC,Outbound,Professional Services,False,,False,,,Rep_2
L1208,2023-10-29,SMB,EMEA,Event,Manufacturing,False,,False,,,Rep_12
L1209,2023-09-07,Mid-Market,EMEA,Outbound,Healthcare,False,,False,,,Rep_10
L1210,2024-01-13,SMB,AMER,Partner,Manufacturing,False,,False,,,Rep_9
L1211,2023-12-19,SMB,EMEA,Inbound,Public Sector,False,,False,,,Rep_12
L1212,2024-07-17,Enterprise,EMEA,Outbound,Healthcare,True,2024-08-13,True,2024-11-29,116000.0,Rep_5
L1213,2023-08-25,SMB,AMER,Outbound,Public Sector,True,2023-09-05,False,2024-02-19,,Rep_12
L1214,2023-07-09,Enterprise,APAC,Outbound,Professional Services,True,2023-08-06,True,2024-02-02,20000.0,Rep_9
L1215,2024-09-03,SMB,APAC,Event,Public Sector,False,,False,,,Rep_2
L1216,2023-07-18,Mid-Market,AMER,Partner,Public Sector,False,,False,,,Rep_6
L1217,2023-07-03,SMB,APAC,Event,Professional Services,False,,False,,,Rep_12
L1218,2024-06-30,Mid-Market,EMEA,Outbound,Professional Services,True,2024-07-06,False,2024-12-24,,Rep_5
L1219,2024-12-15,Mid-Market,APAC,Event,Public Sector,False,,False,,,Rep_11
L1220,2024-05-17,SMB,APAC,Inbound,Professional Services,True,2024-05-22,False,2024-10-19,,Rep_8
L1221,2024-03-27,SMB,AMER,Inbound,Manufacturing,False,,False,,,Rep_1
L1222,2023-09-16,SMB,EMEA,Partner,Manufacturing,False,,False,,,Rep_8
L1223,2023-04-27,Enterprise,AMER,Event,Professional Services,False,,False,,,Rep_7
L1224,2024-05-18,Mid-Market,AMER,Event,Professional Services,True,2024-06-12,False,2024-08-19,,Rep_3
L1225,2024-07-30,Mid-Market,AMER,Event,Public Sector,False,,False,,,Rep_2
L1226,2023-09-12,Enterprise,EMEA,Inbound,Public Sector,True,2023-10-11,True,2024-01-06,147000.0,Rep_9
L1227,2024-01-25,SMB,AMER,Partner,Manufacturing,False,,False,,,Rep_8
L1228,2023-11-01,Mid-Market,EMEA,Inbound,Healthcare,False,,False,,,Rep_7
L1229,2023-11-09,SMB,AMER,Inbound,Manufacturing,False,,False,,,Rep_1
L1230,2024-09-16,SMB,APAC,Partner,Public Sector,False,,False,,,Rep_2
L1231,2023-08-01,SMB,AMER,Event,Education,False,,False,,,Rep_5
L1232,2024-11-07,Enterprise,AMER,Partner,Education,True,2024-11-19,True,2025-01-07,96000.0,Rep_3
L1233,2023-01-03,Enterprise,APAC,Partner,Professional Services,False,,False,,,Rep_12
L1234,2024-08-31,SMB,EMEA,Inbound,Professional Services,False,,False,,,Rep_1
L1235,2023-08-26,Mid-Market,APAC,Event,Manufacturing,False,,False,,,Rep_5
L1236,2024-12-20,SMB,EMEA,Partner,Public Sector,False,,False,,,Rep_2
L1237,2024-12-04,Mid-Market,EMEA,Partner,Professional Services,True,2024-12-17,False,2025-06-15,,Rep_11
L1238,2023-07-22,Mid-Market,APAC,Partner,Manufacturing,False,,False,,,Rep_9
L1239,2023-08-19,Mid-Market,APAC,Partner,Manufacturing,False,,False,,,Rep_5
L1240,2023-05-26,Mid-Market,APAC,Partner,Education,True,2023-06-05,False,2023-11-27,,Rep_5
L1241,2024-03-25,Mid-Market,AMER,Partner,Manufacturing,True,2024-04-21,True,2024-09-01,54000.0,Rep_5
L1242,2024-05-27,SMB,AMER,Inbound,Public Sector,False,,False,,,Rep_8
L1243,2023-03-24,SMB,APAC,Partner,Public Sector,False,,False,,,Rep_7
L1244,2023-11-27,Enterprise,AMER,Outbound,Professional Services,False,,False,,,Rep_1
L1245,2023-04-04,Mid-Market,AMER,Inbound,Education,True,2023-04-30,False,2023-10-24,,Rep_10
L1246,2023-01-22,Enterprise,EMEA,Event,Healthcare,False,,False,,,Rep_11
L1247,2023-10-03,Mid-Market,EMEA,Event,Education,False,,False,,,Rep_3
L1248,2024-04-26,Mid-Market,EMEA,Outbound,Manufacturing,False,,False,,,Rep_8
L1249,2023-10-12,SMB,APAC,Event,Healthcare,False,,False,,,Rep_10
L1250,2024-03-22,SMB,APAC,Inbound,Healthcare,False,,False,,,Rep_8
L1251,2023-04-04,Enterprise,AMER,Event,Professional Services,False,,False,,,Rep_7
L1252,2023-12-08,SMB,AMER,Inbound,Professional Services,False,,False,,,Rep_2
L1253,2023-06-14,SMB,APAC,Event,Healthcare,False,,False,,,Rep_12
L1254,2024-05-22,SMB,EMEA,Event,Education,False,,False,,,Rep_7
L1255,2024-07-17,SMB,AMER,Inbound,Healthcare,True,2024-07-24,False,2024-11-13,,Rep_2
L1256,2024-02-18,Mid-Market,EMEA,Outbound,Manufacturing,False,,False,,,Rep_1
L1257,2024-11-04,SMB,EMEA,Outbound,Manufacturing,False,,False,,,Rep_8
L1258,2024-02-28,Mid-Market,EMEA,Partner,Public Sector,True,2024-03-20,True,2024-08-24,83000.0,Rep_11
L1259,2024-03-28,SMB,AMER,Event,Public Sector,False,,False,,,Rep_4
L1260,2023-10-01,Enterprise,EMEA,Partner,Healthcare,False,,False,,,Rep_5
L1261,2024-03-24,Mid-Market,APAC,Outbound,Professional Services,False,,False,,,Rep_8
L1262,2023-05-05,Mid-Market,APAC,Outbound,Manufacturing,True,2023-05-30,False,2023-08-29,,Rep_12
L1263,2023-06-12,Mid-Market,APAC,Partner,Healthcare,False,,False,,,Rep_1
L1264,2024-07-19,SMB,AMER,Event,Public Sector,False,,False,,,Rep_4
L1265,2023-04-27,Mid-Market,AMER,Inbound,Public Sector,False,,False,,,Rep_2
L1266,2024-10-25,Mid-Market,APAC,Partner,Professional Services,False,,False,,,Rep_8
L1267,2023-10-26,Enterprise,EMEA,Inbound,Public Sector,False,,False,,,Rep_5
L1268,2024-03-01,SMB,EMEA,Event,Healthcare,False,,False,,,Rep_8
L1269,2023-09-07,Mid-Market,EMEA,Partner,Public Sector,False,,False,,,Rep_3
L1270,2024-01-28,Mid-Market,AMER,Partner,Manufacturing,True,2024-02-21,False,2024-04-25,,Rep_2
L1271,2023-10-10,Mid-Market,APAC,Outbound,Education,False,,False,,,Rep_7
L1272,2023-12-15,SMB,EMEA,Outbound,Manufacturing,False,,False,,,Rep_9
L1273,2023-10-01,Enterprise,AMER,Partner,Professional Services,False,,False,,,Rep_5
L1274,2023-11-02,Mid-Market,EMEA,Outbound,Manufacturing,False,,False,,,Rep_10
L1275,2024-11-06,Enterprise,EMEA,Event,Education,False,,False,,,Rep_3
L1276,2024-04-02,Enterprise,APAC,Event,Professional Services,False,,False,,,Rep_6
L1277,2023-12-07,Mid-Market,AMER,Outbound,Healthcare,False,,False,,,Rep_9
L1278,2024-01-22,SMB,APAC,Event,Professional Services,False,,False,,,Rep_6
L1279,2023-07-13,SMB,EMEA,Inbound,Manufacturing,False,,False,,,Rep_4
L1280,2024-08-08,Mid-Market,APAC,Partner,Education,False,,False,,,Rep_7
L1281,2023-02-14,SMB,EMEA,Partner,Education,False,,False,,,Rep_8
L1282,2024-12-23,Enterprise,EMEA,Event,Professional Services,False,,False,,,Rep_7
L1283,2024-01-31,SMB,AMER,Event,Manufacturing,False,,False,,,Rep_11
L1284,2023-06-05,SMB,EMEA,Outbound,Education,False,,False,,,Rep_1
L1285,2023-05-10,Mid-Market,APAC,Event,Professional Services,False,,False,,,Rep_10
L1286,2023-12-06,Enterprise,APAC,Inbound,Education,False,,False,,,Rep_8
L1287,2023-04-13,Enterprise,EMEA,Partner,Healthcare,False,,False,,,Rep_8
L1288,2023-01-16,SMB,AMER,Outbound,Public Sector,False,,False,,,Rep_7
L1289,2024-11-01,SMB,APAC,Outbound,Professional Services,False,,False,,,Rep_2
L1290,2024-04-25,Mid-Market,APAC,Event,Healthcare,False,,False,,,Rep_5
L1291,2023-12-13,SMB,AMER,Event,Public Sector,False,,False,,,Rep_7
L1292,2024-10-27,Mid-Market,APAC,Event,Professional Services,True,2024-11-11,False,2025-04-26,,Rep_7
L1293,2023-11-21,SMB,EMEA,Outbound,Manufacturing,False,,False,,,Rep_8
L1294,2024-07-08,SMB,EMEA,Outbound,Manufacturing,True,2024-07-15,True,2024-10-26,14000.0,Rep_4
L1295,2023-04-03,Mid-Market,EMEA,Event,Professional Services,False,,False,,,Rep_2
L1296,2024-10-10,SMB,APAC,Inbound,Manufacturing,False,,False,,,Rep_2
L1297,2024-03-30,Mid-Market,AMER,Outbound,Education,True,2024-04-13,False,2024-05-24,,Rep_6
L1298,2023-02-27,Enterprise,EMEA,Inbound,Public Sector,True,2023-03-15,True,2023-06-15,55000.0,Rep_9
L1299,2024-02-26,Mid-Market,APAC,Inbound,Professional Services,False,,False,,,Rep_3
L1300,2023-06-24,Enterprise,APAC,Inbound,Manufacturing,True,2023-07-18,False,2023-10-17,,Rep_8
L1301,2024-08-20,SMB,EMEA,Inbound,Education,False,,False,,,Rep_8
L1302,2024-10-15,Enterprise,EMEA,Inbound,Professional Services,True,2024-10-28,False,2025-03-26,,Rep_5
L1303,2024-11-24,Mid-Market,AMER,Outbound,Professional Services,False,,False,,,Rep_2
L1304,2024-03-28,Enterprise,APAC,Inbound,Manufacturing,False,,False,,,Rep_10
L1305,2023-11-03,Enterprise,APAC,Outbound,Education,False,,False,,,Rep_7
L1306,2024-12-07,Mid-Market,APAC,Event,Healthcare,True,2024-12-21,True,2025-04-28,53000.0,Rep_8
L1307,2023-04-20,SMB,APAC,Event,Manufacturing,False,,False,,,Rep_10
L1308,2024-01-03,SMB,APAC,Partner,Education,False,,False,,,Rep_12
L1309,2023-10-30,Mid-Market,APAC,Partner,Healthcare,True,2023-11-25,True,2023-12-27,49000.0,Rep_10
L1310,2024-12-03,Enterprise,AMER,Partner,Education,False,,False,,,Rep_1
L1311,2024-09-12,Enterprise,EMEA,Outbound,Professional Services,False,,False,,,Rep_5
L1312,2023-08-24,Enterprise,EMEA,Event,Public Sector,False,,False,,,Rep_6
L1313,2023-08-13,Mid-Market,EMEA,Partner,Professional Services,False,,False,,,Rep_10
L1314,2023-09-14,Mid-Market,APAC,Partner,Professional Services,False,,False,,,Rep_12
L1315,2024-11-06,SMB,APAC,Outbound,Professional Services,False,,False,,,Rep_3
L1316,2024-10-05,Enterprise,EMEA,Event,Manufacturing,True,2024-10-30,False,2025-02-16,,Rep_8
L1317,2023-02-04,SMB,EMEA,Inbound,Professional Services,False,,False,,,Rep_12
L1318,2023-05-15,SMB,EMEA,Partner,Healthcare,True,2023-05-29,False,2023-10-12,,Rep_3
L1319,2023-07-25,Mid-Market,APAC,Event,Education,True,2023-08-16,False,2023-12-17,,Rep_9
L1320,2024-05-28,SMB,EMEA,Outbound,Public Sector,False,,False,,,Rep_3
L1321,2023-09-21,SMB,APAC,Partner,Professional Services,False,,False,,,Rep_8
L1322,2023-10-30,Enterprise,AMER,Partner,Professional Services,False,,False,,,Rep_6
L1323,2023-04-28,SMB,EMEA,Partner,Professional Services,False,,False,,,Rep_2
L1324,2023-05-25,SMB,AMER,Partner,Education,False,,False,,,Rep_4
L1325,2024-11-23,SMB,APAC,Event,Professional Services,False,,False,,,Rep_7
L1326,2024-07-24,Mid-Market,EMEA,Outbound,Healthcare,False,,False,,,Rep_7
L1327,2023-01-15,SMB,AMER,Partner,Professional Services,False,,False,,,Rep_2
L1328,2024-04-10,SMB,AMER,Partner,Manufacturing,False,,False,,,Rep_12
L1329,2024-11-19,SMB,EMEA,Outbound,Manufacturing,False,,False,,,Rep_7
L1330,2024-10-15,SMB,AMER,Partner,Healthcare,False,,False,,,Rep_2
L1331,2024-11-22,SMB,EMEA,Event,Education,False,,False,,,Rep_1
L1332,2024-09-26,SMB,EMEA,Outbound,Public Sector,False,,False,,,Rep_9
L1333,2023-12-02,SMB,AMER,Event,Professional Services,False,,False,,,Rep_4
L1334,2024-10-25,Enterprise,AMER,Outbound,Manufacturing,True,2024-11-13,False,2025-02-28,,Rep_11
L1335,2024-02-23,SMB,EMEA,Outbound,Manufacturing,True,2024-02-29,False,2024-06-15,,Rep_8
L1336,2023-04-29,Enterprise,AMER,Event,Education,True,2023-05-21,True,2023-10-14,51000.0,Rep_6
L1337,2024-11-17,SMB,EMEA,Outbound,Education,False,,False,,,Rep_12
L1338,2024-07-07,Mid-Market,APAC,Inbound,Professional Services,False,,False,,,Rep_12
L1339,2023-06-08,Enterprise,APAC,Partner,Healthcare,False,,False,,,Rep_11
L1340,2023-04-12,SMB,AMER,Inbound,Manufacturing,False,,False,,,Rep_10
L1341,2024-02-22,Mid-Market,AMER,Outbound,Healthcare,False,,False,,,Rep_5
L1342,2023-02-03,SMB,EMEA,Inbound,Public Sector,False,,False,,,Rep_4
L1343,2024-03-30,SMB,APAC,Inbound,Public Sector,False,,False,,,Rep_4
L1344,2024-01-07,Mid-Market,AMER,Partner,Manufacturing,True,2024-02-02,True,2024-06-02,35000.0,Rep_1
L1345,2024-02-12,SMB,AMER,Inbound,Healthcare,False,,False,,,Rep_2
L1346,2024-04-10,Enterprise,EMEA,Partner,Education,True,2024-04-21,False,2024-05-26,,Rep_1
L1347,2023-12-08,SMB,AMER,Outbound,Manufacturing,False,,False,,,Rep_3
L1348,2024-08-01,Enterprise,AMER,Inbound,Public Sector,True,2024-08-30,False,2025-02-26,,Rep_4
L1349,2023-08-27,SMB,AMER,Inbound,Education,False,,False,,,Rep_3
L1350,2024-09-02,SMB,APAC,Inbound,Public Sector,True,2024-09-11,False,2025-02-26,,Rep_5
L1351,2023-06-28,SMB,AMER,Inbound,Education,True,2023-07-03,True,2023-11-01,15000.0,Rep_4
L1352,2024-08-25,Mid-Market,APAC,Outbound,Professional Services,False,,False,,,Rep_3
L1353,2023-09-29,SMB,APAC,Event,Manufacturing,True,2023-10-27,False,2023-12-25,,Rep_12
L1354,2023-03-07,Mid-Market,EMEA,Partner,Public Sector,False,,False,,,Rep_6
L1355,2024-06-09,SMB,AMER,Inbound,Professional Services,False,,False,,,Rep_8
L1356,2024-05-30,Mid-Market,EMEA,Inbound,Manufacturing,True,2024-06-23,True,2024-12-03,23000.0,Rep_5
L1357,2024-04-14,SMB,AMER,Inbound,Public Sector,False,,False,,,Rep_1
L1358,2023-03-04,SMB,APAC,Outbound,Healthcare,False,,False,,,Rep_7
L1359,2024-03-12,Mid-Market,APAC,Inbound,Professional Services,False,,False,,,Rep_8
L1360,2024-12-30,Mid-Market,EMEA,Event,Education,False,,False,,,Rep_2
L1361,2023-03-24,SMB,EMEA,Inbound,Professional Services,False,,False,,,Rep_3
L1362,2023-03-09,Mid-Market,AMER,Inbound,Manufacturing,True,2023-04-02,False,2023-09-19,,Rep_12
L1363,2023-11-29,SMB,AMER,Event,Manufacturing,False,,False,,,Rep_10
L1364,2024-06-27,SMB,EMEA,Outbound,Manufacturing,False,,False,,,Rep_9
L1365,2024-09-11,SMB,EMEA,Partner,Manufacturing,False,,False,,,Rep_12
L1366,2023-04-28,Enterprise,EMEA,Partner,Education,False,,False,,,Rep_11
L1367,2024-07-18,SMB,AMER,Event,Manufacturing,False,,False,,,Rep_4
L1368,2024-03-16,SMB,APAC,Inbound,Manufacturing,False,,False,,,Rep_4
L1369,2024-02-28,SMB,EMEA,Partner,Professional Services,False,,False,,,Rep_8
L1370,2024-02-13,Enterprise,APAC,Inbound,Professional Services,False,,False,,,Rep_2
L1371,2023-11-17,SMB,AMER,Inbound,Education,False,,False,,,Rep_11
L1372,2023-09-19,Mid-Market,AMER,Event,Education,False,,False,,,Rep_3
L1373,2024-12-04,SMB,EMEA,Inbound,Public Sector,False,,False,,,Rep_2
L1374,2023-04-04,Enterprise,AMER,Event,Education,False,,False,,,Rep_2
L1375,2024-03-18,SMB,AMER,Partner,Professional Services,True,2024-04-15,False,2024-06-17,,Rep_9
L1376,2023-03-03,Mid-Market,AMER,Partner,Healthcare,False,,False,,,Rep_9
L1377,2024-07-29,SMB,AMER,Inbound,Education,False,,False,,,Rep_2
L1378,2024-02-25,SMB,AMER,Event,Manufacturing,False,,False,,,Rep_11
L1379,2024-03-09,Enterprise,AMER,Inbound,Professional Services,False,,False,,,Rep_12
L1380,2023-02-22,Mid-Market,AMER,Outbound,Manufacturing,False,,False,,,Rep_10
L1381,2023-11-16,SMB,AMER,Event,Education,False,,False,,,Rep_10
L1382,2024-06-03,Mid-Market,APAC,Partner,Healthcare,True,2024-06-29,False,2024-08-25,,Rep_6
L1383,2024-07-23,SMB,APAC,Inbound,Manufacturing,False,,False,,,Rep_5
L1384,2024-08-10,SMB,APAC,Partner,Manufacturing,False,,False,,,Rep_7
L1385,2024-07-28,Mid-Market,APAC,Outbound,Professional Services,False,,False,,,Rep_10
L1386,2024-09-20,Mid-Market,EMEA,Event,Public Sector,False,,False,,,Rep_9
L1387,2023-01-27,Enterprise,EMEA,Partner,Education,False,,False,,,Rep_11
L1388,2024-12-11,SMB,AMER,Partner,Healthcare,False,,False,,,Rep_3
L1389,2023-10-07,SMB,APAC,Partner,Public Sector,False,,False,,,Rep_5
L1390,2023-12-14,SMB,EMEA,Inbound,Education,False,,False,,,Rep_3
L1391,2023-05-27,SMB,AMER,Partner,Public Sector,False,,False,,,Rep_7
L1392,2023-03-13,Mid-Market,APAC,Inbound,Professional Services,True,2023-04-07,False,2023-05-30,,Rep_12
L1393,2024-06-27,SMB,APAC,Outbound,Education,False,,False,,,Rep_7
L1394,2024-04-09,Mid-Market,EMEA,Inbound,Healthcare,False,,False,,,Rep_6
L1395,2023-11-16,SMB,APAC,Event,Healthcare,False,,False,,,Rep_10
L1396,2024-09-02,Enterprise,EMEA,Inbound,Education,True,2024-09-08,True,2024-10-20,91000.0,Rep_11
L1397,2023-03-25,Enterprise,APAC,Partner,Education,True,2023-04-20,True,2023-09-10,185000.0,Rep_7
L1398,2023-10-07,Enterprise,EMEA,Event,Healthcare,True,2023-10-28,True,2024-03-16,21000.0,Rep_2
L1399,2023-10-18,SMB,AMER,Partner,Public Sector,False,,False,,,Rep_10
L1400,2024-05-13,Enterprise,APAC,Inbound,Healthcare,False,,False,,,Rep_5
L1401,2023-02-16,Mid-Market,APAC,Outbound,Education,True,2023-03-12,True,2023-06-02,23000.0,Rep_5
L1402,2023-08-05,Mid-Market,APAC,Event,Education,False,,False,,,Rep_5
L1403,2023-10-24,Enterprise,EMEA,Outbound,Professional Services,True,2023-10-29,True,2024-03-17,133000.0,Rep_3
L1404,2023-05-13,Mid-Market,APAC,Outbound,Manufacturing,False,,False,,,Rep_12
L1405,2023-08-24,SMB,EMEA,Event,Public Sector,False,,False,,,Rep_11
L1406,2023-12-29,Enterprise,EMEA,Event,Public Sector,True,2024-01-26,True,2024-02-29,81000.0,Rep_8
L1407,2023-03-21,SMB,APAC,Event,Healthcare,False,,False,,,Rep_10
L1408,2024-03-15,SMB,AMER,Event,Professional Services,False,,False,,,Rep_12
L1409,2024-10-17,Mid-Market,AMER,Inbound,Public Sector,False,,False,,,Rep_2
L1410,2024-02-19,SMB,AMER,Inbound,Education,True,2024-03-05,True,2024-07-30,12000.0,Rep_12
L1411,2024-01-06,Enterprise,APAC,Outbound,Professional Services,True,2024-01-14,True,2024-07-12,80000.0,Rep_7
L1412,2024-06-20,SMB,AMER,Outbound,Healthcare,True,2024-07-04,False,2024-09-28,,Rep_6
L1413,2023-06-22,Enterprise,APAC,Inbound,Manufacturing,True,2023-07-17,True,2023-12-24,109000.0,Rep_4
L1414,2023-12-24,SMB,EMEA,Outbound,Public Sector,False,,False,,,Rep_11
L1415,2023-06-01,Enterprise,AMER,Event,Healthcare,True,2023-06-10,True,2023-08-23,192000.0,Rep_10
L1416,2023-06-06,Mid-Market,APAC,Partner,Manufacturing,False,,False,,,Rep_11
L1417,2023-03-19,SMB,AMER,Outbound,Professional Services,False,,False,,,Rep_11
L1418,2024-05-20,Mid-Market,APAC,Inbound,Healthcare,False,,False,,,Rep_10
L1419,2024-08-16,SMB,APAC,Outbound,Healthcare,False,,False,,,Rep_10
L1420,2024-10-20,Mid-Market,EMEA,Inbound,Education,False,,False,,,Rep_10
L1421,2023-11-27,SMB,APAC,Partner,Healthcare,False,,False,,,Rep_11
L1422,2023-11-20,SMB,EMEA,Partner,Education,False,,False,,,Rep_2
L1423,2024-04-25,SMB,APAC,Event,Professional Services,False,,False,,,Rep_5
L1424,2023-10-09,Enterprise,APAC,Outbound,Education,False,,False,,,Rep_6
L1425,2024-06-03,SMB,EMEA,Partner,Manufacturing,True,2024-06-22,False,2024-08-05,,Rep_6
L1426,2023-10-21,Enterprise,APAC,Partner,Education,True,2023-10-28,False,2024-04-04,,Rep_7
L1427,2024-04-18,Enterprise,APAC,Partner,Public Sector,False,,False,,,Rep_12
L1428,2023-02-12,SMB,EMEA,Outbound,Education,False,,False,,,Rep_10
L1429,2024-10-29,SMB,EMEA,Event,Healthcare,False,,False,,,Rep_10
L1430,2024-05-02,SMB,AMER,Event,Healthcare,False,,False,,,Rep_1
L1431,2024-04-06,Enterprise,EMEA,Partner,Public Sector,True,2024-04-21,False,2024-06-11,,Rep_9
L1432,2024-10-23,Mid-Market,EMEA,Outbound,Healthcare,True,2024-11-04,False,2025-03-26,,Rep_9
L1433,2024-06-19,SMB,AMER,Event,Professional Services,False,,False,,,Rep_6
L1434,2024-01-17,SMB,AMER,Outbound,Education,False,,False,,,Rep_7
L1435,2024-02-23,Mid-Market,EMEA,Outbound,Education,False,,False,,,Rep_11
L1436,2024-09-04,SMB,APAC,Outbound,Healthcare,True,2024-09-29,False,2024-11-14,,Rep_6
L1437,2023-04-07,SMB,APAC,Outbound,Healthcare,False,,False,,,Rep_7
L1438,2023-10-18,Mid-Market,AMER,Partner,Education,True,2023-11-13,False,2024-01-20,,Rep_6
L1439,2023-03-25,SMB,EMEA,Inbound,Healthcare,False,,False,,,Rep_3
L1440,2023-12-25,Mid-Market,AMER,Event,Public Sector,False,,False,,,Rep_11
L1441,2024-12-16,SMB,APAC,Outbound,Public Sector,False,,False,,,Rep_3
L1442,2024-09-01,Mid-Market,EMEA,Event,Professional Services,False,,False,,,Rep_2
L1443,2023-11-14,SMB,EMEA,Partner,Public Sector,False,,False,,,Rep_11
L1444,2023-12-03,SMB,EMEA,Partner,Manufacturing,False,,False,,,Rep_11
L1445,2024-12-20,SMB,AMER,Outbound,Professional Services,False,,False,,,Rep_12
L1446,2024-12-02,Mid-Market,AMER,Inbound,Public Sector,False,,False,,,Rep_2
L1447,2024-10-23,Mid-Market,APAC,Event,Public Sector,False,,False,,,Rep_9
L1448,2024-01-06,Mid-Market,AMER,Event,Healthcare,True,2024-01-20,True,2024-04-13,50000.0,Rep_6
L1449,2024-05-12,Enterprise,EMEA,Inbound,Public Sector,True,2024-05-21,True,2024-09-03,154000.0,Rep_2
L1450,2024-06-03,SMB,APAC,Partner,Healthcare,False,,False,,,Rep_12
L1451,2024-06-23,Mid-Market,AMER,Outbound,Professional Services,True,2024-07-08,False,2024-09-09,,Rep_10
L1452,2024-01-21,Enterprise,EMEA,Event,Professional Services,True,2024-01-31,False,2024-04-12,,Rep_12
L1453,2024-03-24,Enterprise,APAC,Partner,Education,True,2024-04-09,False,2024-07-08,,Rep_8
L1454,2024-09-17,SMB,EMEA,Inbound,Public Sector,False,,False,,,Rep_12
L1455,2024-04-04,SMB,AMER,Event,Education,False,,False,,,Rep_4
L1456,2023-11-13,Mid-Market,APAC,Partner,Professional Services,False,,False,,,Rep_8
L1457,2023-07-18,Mid-Market,EMEA,Inbound,Manufacturing,False,,False,,,Rep_10
L1458,2024-03-27,Mid-Market,AMER,Event,Education,False,,False,,,Rep_5
L1459,2024-01-27,Enterprise,AMER,Outbound,Healthcare,False,,False,,,Rep_7
L1460,2023-06-15,SMB,AMER,Inbound,Public Sector,False,,False,,,Rep_10
L1461,2023-05-22,SMB,EMEA,Event,Education,False,,False,,,Rep_1
L1462,2024-10-18,SMB,APAC,Outbound,Public Sector,False,,False,,,Rep_6
L1463,2024-07-21,SMB,AMER,Partner,Professional Services,False,,False,,,Rep_12
L1464,2024-06-12,Enterprise,AMER,Inbound,Professional Services,False,,False,,,Rep_5
L1465,2023-03-27,SMB,EMEA,Event,Manufacturing,False,,False,,,Rep_5
L1466,2024-04-05,SMB,AMER,Event,Public Sector,False,,False,,,Rep_3
L1467,2024-03-23,SMB,APAC,Event,Education,True,2024-04-04,False,2024-08-01,,Rep_1
L1468,2024-02-29,SMB,EMEA,Outbound,Healthcare,True,2024-03-21,False,2024-07-27,,Rep_2
L1469,2024-01-19,Enterprise,AMER,Partner,Public Sector,True,2024-02-03,False,2024-05-28,,Rep_3
L1470,2023-05-21,SMB,EMEA,Event,Education,True,2023-06-10,False,2023-08-14,,Rep_12
L1471,2024-04-25,SMB,EMEA,Partner,Public Sector,False,,False,,,Rep_1
L1472,2023-03-23,Enterprise,AMER,Inbound,Healthcare,True,2023-04-03,False,2023-09-20,,Rep_12
L1473,2024-09-15,SMB,AMER,Outbound,Professional Services,False,,False,,,Rep_2
L1474,2023-10-23,SMB,APAC,Partner,Education,False,,False,,,Rep_2
L1475,2023-02-18,SMB,AMER,Outbound,Public Sector,False,,False,,,Rep_11
L1476,2024-09-29,Mid-Market,EMEA,Event,Professional Services,False,,False,,,Rep_2
L1477,2024-05-26,Mid-Market,EMEA,Partner,Healthcare,False,,False,,,Rep_1
L1478,2024-10-09,Mid-Market,EMEA,Inbound,Public Sector,False,,False,,,Rep_4
L1479,2023-05-28,Mid-Market,AMER,Outbound,Manufacturing,False,,False,,,Rep_1
L1480,2024-09-21,SMB,AMER,Outbound,Professional Services,False,,False,,,Rep_10
L1481,2024-03-02,SMB,EMEA,Partner,Education,False,,False,,,Rep_11
L1482,2023-03-29,SMB,AMER,Outbound,Healthcare,False,,False,,,Rep_6
L1483,2023-03-11,Enterprise,AMER,Inbound,Healthcare,False,,False,,,Rep_9
L1484,2024-06-03,Enterprise,EMEA,Partner,Healthcare,False,,False,,,Rep_9
L1485,2024-07-21,Mid-Market,APAC,Event,Professional Services,True,2024-08-10,True,2024-12-17,63000.0,Rep_6
L1486,2023-09-17,SMB,APAC,Inbound,Education,False,,False,,,Rep_6
L1487,2023-03-11,Enterprise,APAC,Event,Education,True,2023-04-08,False,2023-06-03,,Rep_10
L1488,2023-12-07,SMB,EMEA,Event,Manufacturing,True,2023-12-23,False,2024-03-06,,Rep_11
L1489,2024-04-20,Mid-Market,EMEA,Inbound,Manufacturing,False,,False,,,Rep_8
L1490,2024-10-08,Enterprise,AMER,Partner,Education,True,2024-10-17,True,2025-03-13,52000.0,Rep_1
L1491,2023-10-28,SMB,APAC,Event,Professional Services,False,,False,,,Rep_4
L1492,2023-02-12,SMB,AMER,Outbound,Public Sector,False,,False,,,Rep_5
L1493,2024-06-11,SMB,AMER,Inbound,Manufacturing,False,,False,,,Rep_9
L1494,2024-04-29,Enterprise,AMER,Partner,Education,True,2024-05-28,False,2024-09-08,,Rep_6
L1495,2023-02-18,Enterprise,APAC,Event,Public Sector,False,,False,,,Rep_6
L1496,2023-10-07,SMB,AMER,Event,Healthcare,True,2023-10-23,False,2024-03-03,,Rep_12
L1497,2024-03-26,Mid-Market,AMER,Partner,Public Sector,False,,False,,,Rep_7
L1498,2023-12-14,Mid-Market,EMEA,Outbound,Manufacturing,False,,False,,,Rep_8
L1499,2024-12-09,Enterprise,AMER,Outbound,Education,False,,False,,,Rep_9
